Rank,Username,Categories,Suscribers,Country,Visits,Likes,Comments,Subscribers (millions)
1,tseries,['Music & Dance'],253500000,India,111300,3200,120,253.5
2,MrBeast,"['Video Games', 'Humor']",210100000,United States,95400000,5400000,16600,210.1
3,CoComelon,['Education'],168100000,Unknown,4100000,21600,0,168.1
4,SETIndia,['Unknown'],165400000,India,23300,239,9,165.4
5,KidsDianaShow,"['Animation', 'Toys']",116500000,Unknown,4100000,8800,0,116.5
658,PewDiePie,"['Movies', 'Video Games']",111400000,United States,2900000,182000,8100,111.4
7,LikeNastyaofficial,['Toys'],110400000,Unknown,4100000,14500,0,110.4
8,VladandNiki,"['Animation', 'Toys']",105500000,Unknown,5500000,17300,0,105.5
9,zeemusiccompany,['Music & Dance'],102600000,India,46700,1800,34,102.6
10,WWE,['Video Games'],98100000,United States,148200,4600,189,98.1
1173,BLACKPINK,['Music & Dance'],92200000,United States,1500000,183500,6300,92.2
12,GoldminesTelefilms,['Unknown'],92100000,India,23400,261,12,92.1
13,SonySAB,"['Movies', 'Animation']",87200000,India,33300,562,15,87.2
14,5MinuteCraftsYouTube,['Movies'],80500000,India,101100,574,25,80.5
1533,BTS,['Music & Dance'],77000000,India,916400,166600,3400,77.0
16,zeetv,['Unknown'],74700000,India,2900,134,0,74.7
171061,HYBELABELS,['Music & Dance'],73400000,United States,341100,47200,716,73.4
18,Pinkfong,"['Animation', 'Toys']",71100000,Unknown,337700,363,0,71.1
19,ChuChuTV,['Toys'],68800000,Unknown,475200,11000,0,68.8
20,colorstv,['Unknown'],68700000,India,13700,206,2,68.7
21,filmigaane,['Music & Dance'],66900000,India,26700,345,15,66.9
22,KondZilla,['Music & Dance'],66700000,Brazil,15200,680,4,66.7
23,TSeriesBhaktiSagar,['Music & Dance'],64599999,India,19200,718,26,64.599999
24,tipsofficial,['Music & Dance'],62300000,India,58700,852,21,62.3
25,ElReinoInfantil,['Music & Dance'],61100000,Unknown,409600,2600,0,61.1
26,MOVIECLIPS,"['Movies', 'Animation']",60200000,United States,9400,143,7,60.2
27,aajtak,['News & Politics'],60000000,India,9700,210,5,60.0
2811,dudeperfect,['Video Games'],60000000,United States,2700000,121100,2300,60.0
29,WaveMusicIndia,['Music & Dance'],59700000,Unknown,35400,1300,33,59.7
30,SonyMusicIndia,['Music & Dance'],58600000,India,19800,862,22,58.6
31,eminem,"['Movies', 'Animation']",58000000,United States,2000000,144500,9300,58.0
32,infobellshindirhymes,['Education'],57400000,Unknown,1500000,3200,0,57.4
33,yrf,['Music & Dance'],57200000,India,182400,19100,137,57.2
34,marshmello,['Music & Dance'],56800000,United States,137000,5100,120,56.8
35,LooLooKids,['Music & Dance'],55500000,United States,1100000,4700,0,55.5
36259,TaylorSwift,['Music & Dance'],55500000,United States,951800,149800,4600,55.5
37,BillionSurpriseToys,['Toys'],54300000,Unknown,642700,0,0,54.3
38,EdSheeran,['Music & Dance'],54000000,United States,167100,8300,251,54.0
39,shemaroo,['Unknown'],50100000,India,14200,111,7,50.1
4088,JuegaGerman,"['Movies', 'Animation']",48900000,Mexico,1900000,112100,3000,48.9
41958,BillieEilish,['Music & Dance'],48900000,United States,528800,41300,1200,48.9
424,A4a4a4a4,"['Animation', 'Humor']",48800000,Russia,9400000,274500,20000,48.8
43,ARYDigitalasia,['Unknown'],48800000,Pakistan,32000,1100,5,48.8
44,getmovies,"['Movies', 'Humor']",48800000,Unknown,139700,442,0,48.8
45,sonymusicindiaVEVO,['Music & Dance'],48300000,India,17700,284,15,48.3
46,toysandcolors,"['Movies', 'Toys']",47900000,Unknown,3300000,2500,0,47.9
47,HarPalGeoOfficial,"['Movies', 'Animation']",47900000,Pakistan,10200,71,2,47.9
48,BadBunnyPR,"['Music & Dance', 'Movies']",47300000,Mexico,10100000,304700,16000,47.3
49,badabunOficial,['Unknown'],47100000,Mexico,6200,263,4,47.1
50,vootkids,['Unknown'],46500000,Unknown,149700,1100,0,46.5
51,abscbnentertainment,['Unknown'],45900000,Philippines,4200,77,1,45.9
52385,felipeneto,['Unknown'],45900000,Brazil,917900,94000,1600,45.9
53262,Mikecrack,"['Movies', 'Animation']",45400000,Mexico,1500000,64200,3600,45.4
54,MashaBearRUSSIAN,['Unknown'],45300000,Unknown,765300,7000,0,45.3
55,MashaBearEN,"['Movies', 'Animation']",45100000,Unknown,736000,7700,0,45.1
56132,vcsabiavideos,['Unknown'],45100000,Brazil,782600,49300,717,45.1
57,Alanwalkermusic,"['Music & Dance', 'Movies']",44700000,United States,102700,8500,389,44.7
58,KatyPerry,['Music & Dance'],44600000,Unknown,234000,11600,865,44.6
59,BRIGHTSIDEOFFICIAL,['Unknown'],44500000,United States,20000,458,20,44.5
60,whindersson,"['Music & Dance', 'Animation']",44500000,Brazil,94700,12600,81,44.5
6112,KimberlyLoaiza,['Music & Dance'],43100000,Mexico,9000000,709200,63500,43.1
62,IshtarMusic,['Music & Dance'],43100000,India,27200,939,11,43.1
63,speedrecords,['Music & Dance'],43000000,India,36900,1100,47,43.0
64485,JessNoLimit,"['Movies', 'Animation']",42700000,Indonesia,297100,12200,128,42.7
65,LikeNastya_Show,"['Movies', 'Toys']",42700000,Unknown,117500,490,0,42.7
6661,luisitocomunica,['Unknown'],41400000,Mexico,2800000,77000,1500,41.4
67,shfa2,"['Animation', 'Toys']",41300000,Unknown,733000,6100,0,41.3
6835,beterbocuk,['Unknown'],41000000,India,742700,40500,251,41.0
69,luccastoon,"['Movies', 'Animation']",41000000,Brazil,281000,6500,0,41.0
70,LittleBabyBum,"['Animation', 'Toys']",40900000,Unknown,65099,127,0,40.9
71,CarryMinati,"['Movies', 'Humor']",40800000,India,4200000,476800,6600,40.8
72,SuperSimpleSongs,['Music & Dance'],40500000,Unknown,659800,1500,0,40.5
73,SonyPAL,['Unknown'],40400000,India,19800,268,11,40.4
741283,RicisOfficial1795,"['Music & Dance', 'Movies']",40300000,Indonesia,198300,13100,344,40.3
75,GaaneSuneAnsune,['Music & Dance'],40000000,India,34600,207,9,40.0
76,WorkpointOfficial,['Unknown'],39800000,Thailand,7900,217,1,39.8
77,TEDx,['Unknown'],39800000,United States,161,3,0,39.8
78,gr6explode,['Music & Dance'],39600000,Brazil,159900,7100,534,39.6
79,shfa-1,['Daily Vlogs'],39600000,France,6600000,50000,0,39.6
80,vladvaniki1,"['Movies', 'Humor']",39400000,Unknown,534300,1700,0,39.4
81594,YOLOAVENTURAS,"['Movies', 'Animation']",39200000,Mexico,3200000,173000,993,39.2
82,ABPNEWS,['Unknown'],39100000,India,3600,77,1,39.1
83,LikeNastya_ESP,['Unknown'],38900000,Unknown,553700,1200,0,38.9
84,one31official,['Unknown'],38800000,Thailand,5300,133,1,38.8
85,DaddyYankee,['Music & Dance'],38400000,Colombia,40200,4400,209,38.4
86,MariaClaraeJP,"['Movies', 'Animation']",38400000,Unknown,1700000,9900,0,38.4
87,YouTube,['Unknown'],38400000,United States,64400,2000,175,38.4
88,TheEllenShow,['Unknown'],38200000,United States,6300,155,9,38.2
89,SaregamaMusic,['Movies'],38200000,India,18000,453,15,38.2
90,PowerKidstv,"['Movies', 'Animation']",38000000,India,54500,0,0,38.0
91,UltraBollywood,['Unknown'],37800000,India,15900,110,6,37.8
92424,zamzamelectronicstradingllc,['Unknown'],37600000,India,218600,14900,326,37.6
93,tseriesoldisgold,['Music & Dance'],37600000,India,58700,569,21,37.6
94,IndiaTV,['News & Politics'],37500000,India,8400,177,2,37.5
95,LaGranjaDeZenon,"['Music & Dance', 'Animation']",37500000,Unknown,502200,1800,0,37.5
96107,Jkk_Entertainment,['Unknown'],37400000,India,678600,5000,130,37.4
971069,thedonato,['Unknown'],37400000,Mexico,475000,32300,312,37.4
984,TechnoGamerzOfficial,['Unknown'],37000000,India,4700000,277700,17000,37.0
99107,TotalGaming093,"['Movies', 'Video Games']",36900000,India,1100000,95200,1000,36.9
100,Maroon5,['Unknown'],36800000,United States,0,0,0,36.8
1012,fedevigevani,"['Animation', 'Humor']",36800000,Mexico,6200000,347700,15000,36.8
102,GenevievesPlayhouse,['Toys'],36600000,Unknown,655000,585,0,36.6
103,Ozuna,['Music & Dance'],36400000,United States,1300000,10600,414,36.4
104,starplus,['Unknown'],36300000,India,22600,447,7,36.3
105,RyansWorld,"['Video Games', 'Toys']",36000000,Unknown,286200,1300,0,36.0
10625,markiplier,"['Animation', 'Video Games']",36000000,United States,2300000,123200,6200,36.0
107,JingleToons,['Unknown'],35600000,India,100700,433,0,35.6
108,DaFuqBoom,"['Animation', 'Humor']",35500000,United States,27300000,1400000,35900,35.5
109,tseriesapnapunjab,['Music & Dance'],35400000,India,13900,492,18,35.4
110420,KLBROBijuRithvik1,['Unknown'],35300000,India,2800000,87500,236,35.3
1111041,PANDABOI,['Unknown'],34900000,India,579900,14100,73,34.9
11234,AboFlah,"['Animation', 'Video Games']",34900000,Iraq,4000000,343800,10200,34.9
113121,Dushyant_kukreja,['Unknown'],34900000,India,4800000,154500,494,34.9
114118,AlanChikinChow,"['Music & Dance', 'Humor']",34800000,India,7600000,288000,1400,34.8
115,GeetMP3,['Music & Dance'],34800000,India,28600,3300,55,34.8
116,Rajshri,['Unknown'],34700000,India,11000,117,3,34.7
117,Ch3Thailand,['Unknown'],34400000,Thailand,30400,701,10,34.4
118,jbalvin,"['Animation', 'Video Games']",34300000,Colombia,18600,1600,51,34.3
119130,SSSniperWolf,"['Animation', 'Humor']",34200000,United States,1300000,32900,0,34.2
1203339,FrostDiamond,"['Movies', 'Animation']",34000000,Indonesia,358300,14400,321,34.0
121,vegetta777,"['Movies', 'Animation']",33900000,Mexico,459300,26800,212,33.9
122,babybus,"['Animation', 'Toys']",33900000,Unknown,386400,618,0,33.9
123,WowKidz1,"['Animation', 'Humor']",33800000,Unknown,50500,295,0,33.8
1243,MRINDIANHACKER,['Unknown'],33700000,India,5100000,443200,17000,33.7
125,DisneyMusicVEVO,"['Music & Dance', 'Movies']",33700000,United States,19600,608,26,33.7
126,gmanetwork,['Unknown'],33600000,Philippines,1600,58,0,33.6
1272785,KarolG,['Music & Dance'],33600000,Colombia,4500000,129500,5200,33.6
128,KHANDESHIMOVIES,['Unknown'],33600000,India,3500000,21000,237,33.6
129,NoCopyrightSounds,['Music & Dance'],33500000,United States,55100,2800,81,33.5
1307,ShortsBreak_Official,['Unknown'],33400000,India,10200000,561400,629,33.4
1311398,LucasandMarcus,"['Animation', 'Humor']",33300000,United States,542800,19000,341,33.3
132,zeenews,['News & Politics'],33100000,India,12200,210,7,33.1
133,PeppaPigOfficial,['Toys'],33000000,Unknown,136200,637,0,33.0
134,WorldwideRecordsBhojpuri,['Music & Dance'],32900000,India,24700,809,30,32.9
135,MrBean,"['Movies', 'Humor']",32500000,India,178200,1500,57,32.5
136,dianaandromaesp,"['Animation', 'Toys']",32400000,Unknown,1200000,2300,0,32.4
137,rezendeevil,['Movies'],32300000,Brazil,194200,10500,111,32.3
138275,zhong,"['Animation', 'Humor']",32300000,United States,1900000,47400,2000,32.3
139,SMTOWN,['Music & Dance'],32300000,United States,314600,36200,2400,32.3
140,dona_mukbang,['Unknown'],32100000,United States,705100,4400,99,32.1
141,HUMTV,['Unknown'],32000000,Pakistan,8700,253,1,32.0
14224,dream,"['Animation', 'Video Games']",32000000,United States,3400000,240400,12000,32.0
143,GENIALBrightSideSpanish,['Animation'],31900000,Mexico,13100,465,16,31.9
14499,enaldinho,['Movies'],31700000,Brazil,1200000,41800,623,31.7
145,luisfonsi,['Unknown'],31700000,United States,16600,1500,43,31.7
146,junya1gou,['Unknown'],31500000,Japan,407900,9600,41,31.5
147,vladnikihindi,['Unknown'],31500000,Unknown,188600,601,0,31.5
14823,gulshankalra07,['Unknown'],31400000,India,4200000,175000,251,31.4
149,fallontonight,['Unknown'],31300000,United States,59500,1400,92,31.3
150,AttaHalilintar,"['Music & Dance', 'Movies']",30900000,Indonesia,239800,10300,143,30.9
151,LittleAngel,"['Animation', 'Toys']",30800000,Unknown,348800,627,0,30.8
152,toyoraljanahtv,['Music & Dance'],30700000,Unknown,100000,0,0,30.7
1531184,akshaynagwadiya,['Unknown'],30600000,India,10400000,402000,319,30.6
154,TalkingTom,"['Movies', 'Animation']",30600000,United States,293700,828,0,30.6
15583,jacksepticeye,"['Animation', 'Humor']",30500000,United States,1500000,119700,2800,30.5
156,boramtubevlog4821,['Unknown'],30500000,Unknown,37400,235,0,30.5
157,TrapNation,['Music & Dance'],30400000,United States,47500,1500,73,30.4
158,adityamovies,['Unknown'],30400000,India,20400,772,5,30.4
159,infobellstamilrhymes,['Education'],30200000,Unknown,736400,2300,0,30.2
160,spinninrecords,['Music & Dance'],30200000,United States,29100,979,27,30.2
161,shemaroomovies,['Unknown'],30200000,India,28200,254,9,30.2
162,infobellstelugurhymes,['Education'],30200000,Unknown,295700,2600,0,30.2
163,MashaOso,['Unknown'],30100000,Unknown,387700,2600,0,30.1
164,ashishchanchlanivines,"['Movies', 'Humor']",30100000,India,0,0,0,30.1
165,ultrarecords,['Music & Dance'],30000000,United States,20200,596,15,30.0
166253,AlejoIgoa,['Animation'],29800000,Argentina,5200000,257400,1700,29.8
167,adityamusic,['Music & Dance'],29500000,India,11100,243,6,29.5
168,GoldminesDishoom,"['Movies', 'Video Games']",29400000,Unknown,9100,114,0,29.4
1691036,LeoNataFamily,['Unknown'],29400000,United States,1300000,24400,36,29.4
170,KidsRomaShow,"['Animation', 'Toys']",29000000,Unknown,1700000,2800,0,29.0
171,LankyBox,"['Animation', 'Video Games']",29000000,United States,232200,4300,180,29.0
172,DrakeOfficial,['Music & Dance'],28900000,United States,991800,30800,2300,28.9
17334,CrazyXYZ,['Unknown'],28700000,India,5800000,362200,9100,28.7
174390,mujjuu___14,['Unknown'],28600000,India,2600000,77500,78,28.6
175789,DanTDM,"['Animation', 'Video Games']",28500000,United States,910100,30800,1900,28.5
176,bouncepatrol,['Music & Dance'],28400000,Unknown,433900,5400,0,28.4
1771613,JYPEntertainment,['Music & Dance'],28300000,United States,334100,7700,762,28.3
178,toycantando,"['Music & Dance', 'Animation']",28300000,Unknown,171800,4600,0,28.3
179,nickjr,"['Animation', 'Toys']",28200000,Unknown,320400,291,0,28.2
180877,kimpro828,['Unknown'],28200000,Indonesia,952300,31600,188,28.2
181390,NichLmao,['Daily Vlogs'],28200000,United States,3000000,171800,1200,28.2
182595,SandeepSeminars,['Daily Vlogs'],28100000,India,214300,12400,724,28.1
183,GoldminesBollywood,['Unknown'],28000000,India,9400,60,3,28.0
184180,brentrivera,"['Video Games', 'Humor']",28000000,United States,3700000,84500,15000,28.0
18551,SpiderSlack,['Unknown'],28000000,Brazil,472300,39000,104,28.0
186208,MarkRober,['Science & Technology'],28000000,United States,20400000,576800,9100,28.0
187,dbillions,"['Music & Dance', 'Animation']",27900000,Unknown,1500000,645,0,27.9
188,wizkhalifa,['Music & Dance'],27900000,United States,21100,1600,70,27.9
189208,DanielLaBelle,['Unknown'],27800000,United States,3100000,190100,742,27.8
190,indosiar,"['Music & Dance', 'Movies']",27600000,Indonesia,30200,417,25,27.6
191,kidstv,['Toys'],27600000,Unknown,84800,60,0,27.6
192397,renatogarciayoutuber,"['Movies', 'Animation']",27500000,Brazil,774100,73800,1600,27.5
19371,ThatLittlePuff,['Unknown'],27400000,United States,490000,38300,188,27.4
194,Netflix,"['Movies', 'Animation']",27300000,United States,140500,2500,128,27.3
195,RaffyTulfoInAction,['News & Politics'],27100000,Philippines,443200,7100,565,27.1
196,enchufetv,['Unknown'],27100000,Ecuador,22900,1700,11,27.1
1971515,Azhan5star,['Unknown'],26800000,India,2000000,91600,463,26.8
198,worldstarhiphop,['Music & Dance'],26700000,United States,39100,892,144,26.7
199,AGT,"['Music & Dance', 'Movies']",26700000,United States,374600,5400,105,26.7
200,TheLallantop,['News & Politics'],26700000,India,22000,525,14,26.7
201,Tilak,['Unknown'],26600000,Unknown,0,0,0,26.6
202600,smosh,"['Movies', 'Humor']",26500000,United States,142200,10900,163,26.5
203,dianaromahin,"['Animation', 'Toys']",26500000,Unknown,64800,216,0,26.5
204792,topperguild,"['Animation', 'Humor']",26500000,United States,1800000,105900,993,26.5
205,beyonce,['Music & Dance'],26500000,United States,1100000,62600,3000,26.5
206,abp_live,['News & Politics'],26400000,India,2000,40,0,26.4
207,TsurikiShow,['Unknown'],26400000,India,221000,4100,5,26.4
20866,ishaanali11,['Daily Vlogs'],26300000,India,3300000,227200,402,26.3
2091,TuzelityOfficial,['Unknown'],26300000,India,1300000,47700,397,26.3
210,mariliamendoncareal,['Music & Dance'],26300000,Brazil,78100,8900,260,26.3
211,1MILLION_Dance,['Unknown'],26200000,India,19000,1400,11,26.2
212427,unknownboyvarun,['Music & Dance'],26200000,India,1900000,152600,160,26.2
213,wbkids,"['Movies', 'Animation']",26200000,Unknown,47600,774,0,26.2
214,sagawa,['Unknown'],26200000,United States,377200,12200,51,26.2
215,postmalone,['Music & Dance'],26200000,United States,511000,28800,687,26.2
216,davidguetta,['Music & Dance'],26200000,Brazil,34100,2300,177,26.2
21772,VanossGaming,"['Animation', 'Video Games']",26000000,United States,1100000,49700,785,26.0
218728,LosPolinesios,"['Music & Dance', 'Movies']",26000000,Mexico,2800000,120300,1900,26.0
219,danrhodes,"['Movies', 'Humor']",26000000,United States,207600,9500,117,26.0
220461,RansEntertainment,['Movies'],25800000,Indonesia,475600,14900,398,25.8
2213900,ChrisBrownTV,['Music & Dance'],25800000,United States,460100,13900,645,25.8
222,coldplay,['Music & Dance'],25800000,United States,92600,5900,177,25.8
22316,alfredolarin,['Unknown'],25700000,El Salvador,9800000,538100,2500,25.7
224,DangalTVChannel,['Unknown'],25600000,India,58600,1400,8,25.6
225,suntv,['Unknown'],25600000,India,14800,443,2,25.6
226,TRANS7Official,"['Movies', 'Humor']",25500000,Indonesia,4200,94,3,25.5
22768,Priyal_Kukreja,['Daily Vlogs'],25500000,India,6100000,167800,455,25.5
228,PenMovies,"['Movies', 'Animation']",25400000,India,283900,12200,188,25.4
229630,MartaAndRustam,['Unknown'],25400000,India,14100000,200900,101,25.4
23063,AmiRodrigueZZ,"['Animation', 'Humor']",25400000,Colombia,2000000,89900,237,25.4
231292,PrestonYT,"['Video Games', 'Humor']",25400000,United States,3000000,126700,332,25.4
232,kidschannelindia,['Music & Dance'],25300000,Unknown,59200,304,0,25.3
2332676,Yoeslan,['Unknown'],25300000,India,3300000,58800,113,25.3
23424,alanbecker,"['Animation', 'Video Games']",25200000,United States,4600000,413900,24000,25.2
235,WatchMojo,"['Movies', 'Animation']",25200000,United States,25500,930,112,25.2
236,shfashowindia,['Daily Vlogs'],25100000,Unknown,1400000,6100,0,25.1
237,DianaRomaARA,['Animation'],25000000,Unknown,897600,2900,0,25.0
238,dianaromaen,"['Animation', 'Toys']",25000000,Unknown,467500,854,0,25.0
2394698,ChloeTing,"['Fitness', 'Health & Self-Help']",25000000,United States,165400,5100,271,25.0
240,likenastyaae,['Unknown'],24900000,Unknown,728400,3800,0,24.9
241,goldmineshindi,['Unknown'],24900000,India,9100,95,2,24.9
2421,StokesTwins,"['Video Games', 'Humor']",24900000,United States,8100000,156300,7800,24.9
24336,rug,"['Video Games', 'Humor']",24800000,United States,2700000,75000,3300,24.8
244,Venus_Movies,['Unknown'],24800000,India,10500,133,5,24.8
245,1theK,['Music & Dance'],24800000,Indonesia,11700,798,48,24.8
246,netdmuzik,['Music & Dance'],24700000,Turkey,6400,169,33,24.7
247,BeatboxJCOP,['Unknown'],24700000,India,4200000,0,755,24.7
248,realfoolsshorts63,['Unknown'],24600000,Unknown,26700000,807900,2100,24.6
249,MayaAndMary,['Animation'],24600000,Unknown,109600,0,0,24.6
250,capitanyolotroll,"['Animation', 'Humor']",24500000,Mexico,774200,21000,368,24.5
251,UltraMovieParlour,['Unknown'],24400000,India,56800,475,17,24.4
252,DJSnake,['Music & Dance'],24300000,India,27900,2300,101,24.3
253,PeppaPigEspanolLatinoOficial,"['Movies', 'Toys']",24300000,Unknown,878900,2800,0,24.3
25466,juandediospantojaa,"['Music & Dance', 'Movies']",24200000,Mexico,7200000,223200,6900,24.2
255,dednahype,['Unknown'],24200000,United States,349100,7700,18,24.2
256147,ZachKing,"['Movies', 'Humor']",24200000,United States,12100000,598500,2600,24.2
257,EnriqueIglesias,['Music & Dance'],24200000,United States,25300,2500,105,24.2
258,VaniaManiaKids,"['Animation', 'Toys']",24100000,Unknown,973700,1200,0,24.1
259,williesalim,"['Movies', 'Humor']",24100000,Indonesia,1200000,0,978,24.1
260,JasonDerulo,['Music & Dance'],24000000,United States,55400,0,26,24.0
261886,JamesCharles,"['Beauty', 'Fashion']",24000000,United States,521300,37600,1100,24.0
262295,misskaty1133,"['Video Games', 'Toys']",24000000,Russia,529500,9400,449,24.0
263545,MrMaxLife,['Video Games'],24000000,Russia,561800,9100,518,24.0
264,ZachChoi,['Daily Vlogs'],23800000,United States,149500,2800,118,23.8
265,toyorbabytv,['Music & Dance'],23800000,Unknown,104200,0,0,23.8
266,TroomTroom,"['Animation', 'Toys']",23800000,Unknown,50500,955,11,23.8
267,Ninja,"['Animation', 'Video Games']",23800000,United States,515300,17400,279,23.8
268,NickyJamTV,"['Music & Dance', 'Movies']",23800000,Colombia,18500,1500,57,23.8
269,Kidibli,"['Animation', 'Toys']",23700000,Unknown,92200,1300,0,23.7
270,TED,['Unknown'],23700000,United States,42600,1100,79,23.7
271,PokemonAsiaOfficialHindi,['Unknown'],23700000,Unknown,737300,3000,0,23.7
272,GMMGrammy,['Music & Dance'],23700000,Thailand,2600,103,3,23.7
273,ValentinaPontesofc,['Unknown'],23600000,Brazil,97100,1400,0,23.6
274,loganpaulvlogs,"['Video Games', 'Humor']",23600000,United States,0,0,0,23.6
275,WaveMusicBhojpuri,['Music & Dance'],23600000,India,5300,78,9,23.6
276,GoldminesCineplex,['Unknown'],23600000,India,7300,65,2,23.6
277,SesameStreet,['Unknown'],23600000,Unknown,254500,1200,0,23.6
278,Jelly,"['Animation', 'Video Games']",23600000,United States,282400,11300,550,23.6
279,BabyBusES,"['Movies', 'Animation']",23500000,Unknown,246900,549,0,23.5
280,vladandnikispain,['Unknown'],23500000,Unknown,583100,1500,0,23.5
281,IshtarPunjabi,['Music & Dance'],23500000,India,0,0,0,23.5
28210,souravjoshivlogs7028,['Daily Vlogs'],23400000,India,4700000,327600,6800,23.4
283,LIVCrime,['Unknown'],23400000,India,20400,302,15,23.4
284,LikeNastya_PRT,['Unknown'],23300000,Unknown,391000,1700,0,23.3
285,TechnicalGuruji,['Unknown'],23300000,India,95900,6400,332,23.3
286,vladandnikiarab2,['Animation'],23300000,Unknown,584700,2500,0,23.3
287,SMOL_official,['Unknown'],23300000,India,184900,4700,7,23.3
2881402,invictorgs3,"['Animation', 'Video Games']",23200000,Mexico,560500,18000,490,23.2
28912,BenAzelart,"['Video Games', 'Humor']",23200000,United States,5000000,85600,4400,23.2
290282,RAFAELUIZOFICIAL,"['Movies', 'Animation']",23200000,Brazil,556800,22100,443,23.2
29160,DrossRotzank,['Unknown'],23200000,Mexico,1700000,120800,3900,23.2
29238,VillageCookingChannel,['Unknown'],23100000,India,5900000,158000,3400,23.1
293345,DUDUeCAROL,['Unknown'],23100000,Brazil,1000000,46800,721,23.1
294,sia,"['Music & Dance', 'Movies']",23000000,United States,24900,2500,90,23.0
29546,SSundee,"['Animation', 'Video Games']",23000000,United States,1600000,61200,1900,23.0
29685,mmoshaya,['Unknown'],22800000,Saudi Arabia,365300,5200,457,22.8
297154,bobbyprankster,['Unknown'],22800000,India,4200000,228000,311,22.8
298,NetflixIndiaOfficial,['Unknown'],22800000,India,42900,1400,57,22.8
299352,fgteev,"['Movies', 'Video Games']",22800000,United States,665600,8700,1200,22.8
300,SidhuMooseWalaOfficial,['Music & Dance'],22700000,India,20700000,2300000,532000,22.7
301,rotanamusic,['Music & Dance'],22600000,Saudi Arabia,36600,353,17,22.6
302,THECHAINSMOKERS,"['Music & Dance', 'Movies']",22600000,United States,73700,3200,46,22.6
303,disneyla,"['Movies', 'Animation']",22600000,Unknown,34500,216,0,22.6
304,ShriPrashant,['Education'],22600000,India,85000,7200,44,22.6
305,dualipa,['Music & Dance'],22500000,United States,416700,38300,583,22.5
306,charlieputh,['Music & Dance'],22400000,United States,61600,4500,146,22.4
30768,royaltyfam,['Humor'],22400000,United States,4200000,74700,7000,22.4
308,vladandnikidn,"['Music & Dance', 'Movies']",22300000,Unknown,264600,759,0,22.3
309,NatGeo,['Unknown'],22300000,United States,35300,700,37,22.3
310,smilefamily363,"['Animation', 'Toys']",22300000,Unknown,12100,59,0,22.3
311,EvaBravoPlay,"['Animation', 'Toys']",22200000,Unknown,889100,3300,0,22.2
312,TlnovelasOficial,"['Music & Dance', 'Animation']",22200000,Mexico,2900,95,2,22.2
313,khangsresearchcentre1685,['Education'],22200000,India,2900000,168700,7700,22.2
31423,infinite,"['Video Games', 'Humor']",22200000,United States,787600,33000,1200,22.2
315,chotanawab,['Unknown'],22100000,Unknown,2100000,157900,1100,22.1
316,VijayTelevision,['Unknown'],22000000,India,72800,1200,9,22.0
317,gmapublicaffairs,['News & Politics'],22000000,Philippines,3300,86,1,22.0
3184,IanLucasOficial,"['Movies', 'Humor']",21800000,Argentina,4900000,255300,8000,21.8
319314,MrDegreeOfficial,['Unknown'],21800000,United States,4300000,115600,85,21.8
320486,IShowSpeed,"['Video Games', 'Humor']",21800000,United States,1500000,58300,1400,21.8
321,somoynews360,['Daily Vlogs'],21800000,Bangladesh,11700,257,8,21.8
322,beckyg,['Music & Dance'],21600000,United States,31800,1900,78,21.6
32311,PragatiVermaaShorts,['Unknown'],21600000,India,1100000,58800,1100,21.6
32443,pawansahu777,['Unknown'],21500000,India,1300000,119700,807,21.5
3251160,unboxtherapy,['Design/Art'],21500000,United States,1200000,5400,313,21.5
326175,lyricalemonade,"['Music & Dance', 'Animation']",21400000,United States,1700000,90100,3900,21.4
327,MrVivekBindra,['Education'],21400000,India,63800,5800,26,21.4
328281,kurzgesagt,['Education'],21400000,United States,4300000,205800,10000,21.4
32940,corbuzier,['Unknown'],21400000,Indonesia,2300000,50500,5600,21.4
330,fatosdesconhecidos,['Science & Technology'],21400000,Brazil,70100,7800,435,21.4
331168,BaimPaula,"['Music & Dance', 'Movies']",21300000,Indonesia,339100,10800,954,21.3
332,7clouds,['Music & Dance'],21300000,United States,71200,1200,87,21.3
333886,BraveWilderness,['Unknown'],21200000,United States,203100,7300,503,21.2
334,romeo,['Music & Dance'],21200000,United States,31700,2700,65,21.2
335,buzzfeedtasty,['Food & Drink'],21200000,United States,51500,2300,27,21.2
336,jaanvipatel,['Unknown'],21200000,India,5000000,212600,519,21.2
337,KiddiestvHindi,['Education'],21200000,Unknown,56900,1700,0,21.2
338,SonyAATH,"['Travel', 'Shows']",21200000,Bangladesh,163600,3000,115,21.2
339,LazarBeam,"['Animation', 'Video Games']",21200000,United States,5100000,206100,5000,21.2
340,NBA,['Sports'],21100000,United States,73700,1900,106,21.1
341,BabyBusID,"['Movies', 'Humor']",21100000,Unknown,273800,728,0,21.1
34251,BayashiTV_,['Unknown'],21000000,United States,5400000,351100,2300,21.0
343,NinjaKidz,['Video Games'],20900000,United States,247800,5000,26,20.9
3444,triggeredinsaan,['Humor'],20800000,India,6900000,505700,18500,20.8
345,rkddigital,['Unknown'],20800000,India,22000,806,9,20.8
346619,Miawaug,['Video Games'],20800000,Indonesia,563600,21800,1100,20.8
347587,EmiwayBantai,['Music & Dance'],20800000,India,3200000,386600,24000,20.8
348,LinkinPark,['Music & Dance'],20800000,United States,0,0,0,20.8
349,Mnet,['Unknown'],20800000,United States,9300,1000,41,20.8
350,JoseComilaoTotoy,['Animation'],20700000,Unknown,103600,2200,0,20.7
351,goldminesgreatindiancomedy2048,['Unknown'],20700000,India,5200,45,1,20.7
352,DannyFitt,['Movies'],20700000,Mexico,468700,23300,378,20.7
353,Cookieswirlc,['Video Games'],20700000,United States,151100,1600,298,20.7
35431,Vsauce,['Science & Technology'],20700000,United States,3000000,274100,3600,20.7
355,5MinuteCraftsDIY,['Music & Dance'],20600000,India,10400,87,3,20.6
356,gottalentglobal,['Unknown'],20600000,United States,19000,399,15,20.6
3574175,JakeFellman,['Unknown'],20600000,United States,1200000,101100,221,20.6
358,news18India,['News & Politics'],20600000,India,9700,164,5,20.6
35927,SlivkiShow,['Video Games'],20600000,Russia,2200000,100800,2900,20.6
360,jakepaul,['Fitness'],20600000,United States,73500,3900,86,20.6
36119,KarlaBustillos,['Unknown'],20500000,Mexico,3200000,241600,1800,20.5
36211,Sidemen,"['Video Games', 'Humor']",20500000,United Kingdom,7400000,306300,7300,20.5
363897,PandaShorts,['Unknown'],20500000,India,796300,43700,121,20.5
364,noorstars,"['Movies', 'Humor']",20400000,Iraq,76500,3600,168,20.4
365,gusttavolimaoficial,['Music & Dance'],20400000,Brazil,39200,3200,89,20.4
366,degoboom,"['Movies', 'Animation']",20400000,Mexico,140500,3400,229,20.4
367,WowKidzAction,['Unknown'],20400000,Unknown,105200,1600,0,20.4
368576,RobinHoodGamer1,"['Animation', 'Video Games']",20400000,Brazil,308500,14900,343,20.4
369,greengoldtv,['Unknown'],20400000,Unknown,88700,1200,0,20.4
370,PinkPanther,"['Movies', 'Animation']",20400000,Unknown,336400,2300,0,20.4
3713655,officialajaysharma07,['Unknown'],20300000,India,784800,29400,62,20.3
372798,deepesh_zo,['Unknown'],20300000,India,1400000,92100,206,20.3
373,korayzeynep,['Daily Vlogs'],20300000,Turkey,2000000,47100,0,20.3
374,5MinuteCraftsPLAY,['Movies'],20300000,India,9500,97,3,20.3
375,gordonramsay,"['Food & Drink', 'Health & Self-Help']",20200000,United States,65000,1400,116,20.2
376,marvel,"['Movies', 'Animation']",20200000,United States,144600,6600,452,20.2
377,BuzzFeedVideo,['Food & Drink'],20200000,United States,18300,493,7,20.2
378,sctv_,"['Music & Dance', 'Movies']",20200000,Indonesia,12100,278,9,20.2
379,PTXofficial,['Music & Dance'],20200000,United States,54200,2900,61,20.2
380,AuthenticGames,"['Movies', 'Video Games']",20200000,Brazil,27000,2100,64,20.2
381,etvteluguindia,['Unknown'],20100000,India,17000,329,1,20.1
382,BGT,"['Music & Dance', 'Movies']",20000000,United Kingdom,32000,510,18,20.0
383,pencilmation,"['Animation', 'Humor']",20000000,United States,45300,812,20,20.0
384133,ASGamingsahil,['Unknown'],20000000,India,145400,10900,391,20.0
385,fifa,['Sports'],20000000,United States,80900,2800,33,20.0
386,React,['Humor'],20000000,United States,175000,7200,335,20.0
387,VEVO,['Music & Dance'],20000000,United States,5400,194,3,20.0
388175,howridiculous,['Video Games'],20000000,United States,1700000,57100,2000,20.0
389420,ClashOfClans,"['Movies', 'Animation']",20000000,United States,270400,20200,368,20.0
390,tabii.urdu,['Unknown'],19900000,Pakistan,11800,304,16,19.9
391,TroomTroom_Es,['Unknown'],19800000,Mexico,55100,1100,17,19.8
392,DLSNews,['Music & Dance'],19800000,India,67400,2200,108,19.8
39335,issei0806,['Unknown'],19800000,India,1600000,91700,127,19.8
394737,tarik_alhalapi,['Unknown'],19800000,Turkey,810000,18800,64,19.8
39524,DharMann,['Health & Self-Help'],19800000,United States,3400000,66600,1800,19.8
3964,BeastPhilanthropy,['Food & Drink'],19800000,United States,10300000,690400,17000,19.8
3972424,busyfunltd9692,"['Animation', 'Humor']",19800000,India,3000000,10300,202,19.8
398,Slick_Slime_Sam_Spanish,['Unknown'],19800000,Mexico,114900,1700,0,19.8
399,HaerteTest,['Unknown'],19800000,India,26500,64,3,19.8
400,Mashaurso,['Unknown'],19700000,Unknown,303200,2200,0,19.7
401,CraftyPanda,"['Movies', 'Humor']",19600000,India,15600,161,8,19.6
402323,ArabGamesNetwork,['Unknown'],19600000,Algeria,149100,11100,588,19.6
403,YounesZarou,['Unknown'],19600000,India,260300,11500,49,19.6
404,smilefamilyspanish1463,"['Animation', 'Toys']",19500000,Unknown,109300,114,0,19.5
4058,BispoBrunoLeonardo,['Music & Dance'],19500000,Brazil,1600000,496900,357000,19.5
406,sonotek,"['Music & Dance', 'Animation']",19500000,India,18000,352,45,19.5
407,heidizidane9861,['Daily Vlogs'],19400000,Unknown,28600,117,0,19.4
408,shemaroobollywoodcomedy,['Unknown'],19400000,India,16600,136,5,19.4
409,NarendraModi,['News & Politics'],19400000,India,13500,1300,61,19.4
410,kbsworldtv,['Unknown'],19400000,Indonesia,4900,221,6,19.4
411,elcanaldePlimPlim,['Music & Dance'],19400000,Unknown,483600,0,0,19.4
412284,TEDEd,['Science & Technology'],19400000,United States,270400,10700,302,19.4
413,turmadamonica,['Unknown'],19300000,Unknown,102300,3600,0,19.3
414227,iamneetubisht,['Unknown'],19300000,India,4100000,211600,832,19.3
41547,ThePoznavatel,"['DIY & Life Hacks', 'Toys']",19300000,Russia,2600000,47300,2100,19.3
416,theodd1sout,"['Movies', 'Animation']",19200000,United States,605300,50600,4400,19.2
417,miroska-tv,['Unknown'],19200000,United States,4600,18,0,19.2
418,andtvchannel,['Unknown'],19200000,India,2500,72,0,19.2
419,grammygoldofficial,['Music & Dance'],19200000,Thailand,10700,241,8,19.2
420,LittleAngelEspanol,['Animation'],19200000,Unknown,127300,171,0,19.2
42124,HiBestMan,['Video Games'],19200000,Russia,787700,28300,1100,19.2
422,JimmyKimmelLive,"['Movies', 'Humor']",19100000,United States,266900,5400,290,19.1
423,PrimeVideoIN,"['Movies', 'Animation']",19100000,India,23000,756,5,19.1
424,farruko,['Music & Dance'],19100000,United States,269500,4200,35,19.1
42520,MSA.official,['AnimationHumorEducation'],19000000,United States,3700000,88400,2700,19.0
426,TaarakMehtaKaOoltahChashmah,['Unknown'],19000000,India,50100,857,15,19.0
427,RepublicTVBharat,['News & Politics'],19000000,India,8400,0,5,19.0
428,Blippi,"['Education', 'Toys']",19000000,Unknown,580800,2700,0,19.0
429,LikeNastya_Vlog,['Daily Vlogs'],18900000,Unknown,804200,2300,0,18.9
430,SonyMusicSouthVEVO,['Music & Dance'],18900000,Unknown,1900,9,0,18.9
431,viralhog,['Toys'],18900000,United States,35900,1300,20,18.9
4321179,alia,"['Animation', 'Video Games']",18800000,United States,422800,12700,470,18.8
433,Filaretiki,['Unknown'],18800000,India,245200,7500,0,18.8
4343776,thexoteam,['Unknown'],18800000,United States,62600,4700,22,18.8
43533,Aphmau,"['Animation', 'Video Games']",18800000,United States,1900000,50100,2200,18.8
4361,MrMarmok,"['Animation', 'Video Games']",18800000,Russia,3400000,317600,8300,18.8
437,rsiammusic,['Music & Dance'],18700000,Thailand,4000,82,5,18.7
438840,salmannomanofficial,['Unknown'],18700000,India,893900,47600,106,18.7
439,Apple,"['Music & Dance', 'Animation']",18600000,Unknown,1900000,22000,0,18.6
44032,nomanofficial786,['Unknown'],18600000,India,1700000,126000,691,18.6
4411525,DesiMelodies,['Music & Dance'],18600000,India,23300,1000,13,18.6
442,NaisaAlifiaYurizaNAY,"['Music & Dance', 'Movies']",18600000,Indonesia,64099,2100,20,18.6
443,DanielSaboya,['Music & Dance'],18600000,Brazil,19800,679,8,18.6
444816,GoodMythicalMorning,['Food & Drink'],18600000,United States,895800,29500,769,18.6
4453514,Squeezie,['Unknown'],18600000,France,1100000,95300,124,18.6
446,AjaKitchen,['Unknown'],18500000,Unknown,197000,8900,34,18.5
447,FunForKidsTVHindiRhymes,['Unknown'],18500000,Unknown,488700,8300,0,18.5
448,thewillyrex,['Unknown'],18400000,Spain,130100,13900,73,18.4
449,LikeNastya_VNM,['Movies'],18400000,Unknown,335900,0,0,18.4
450,AMARINTVHD,['News & Politics'],18400000,Thailand,7400,113,2,18.4
45142,pinkshirtcouple,['Unknown'],18400000,United States,1200000,55200,633,18.4
452,KatieAngelTV_,['Music & Dance'],18400000,Mexico,1400000,81200,10800,18.4
453,GENHALILINTAR,"['Music & Dance', 'Humor']",18400000,Indonesia,203600,6500,132,18.4
454,INCRIVEL_PT,['Science & Technology'],18400000,Unknown,8000,388,11,18.4
455,lescopaque,['Unknown'],18400000,Indonesia,117800,2800,0,18.4
456,News24thinkfirst,['News & Politics'],18400000,India,4000,85,3,18.4
457,zappytoons,['Education'],18400000,Unknown,187200,888,0,18.4
458400,manualdomundo,['Science & Technology'],18300000,Brazil,339200,31000,409,18.3
45946,_vector_,['Unknown'],18300000,United States,4200000,203100,760,18.3
46074,GameTheory,['Movies'],18300000,United States,1100000,82100,2200,18.3
461,SebastianYatra,['Music & Dance'],18200000,Colombia,37000,2300,154,18.2
4622024,zbingz,['Unknown'],18200000,Thailand,471800,14200,521,18.2
463236,tanboykun,['Music & Dance'],18200000,Indonesia,1200000,21200,902,18.2
464,ZuniandFamilyofficial,['Daily Vlogs'],18200000,Unknown,118500,277,0,18.2
465,Chapitosiki,['Unknown'],18200000,Russia,225300,5500,14,18.2
466,MissaSinfonia,"['Animation', 'Humor']",18200000,Mexico,0,0,0,18.2
467,TheGrefg,"['Movies', 'Video Games']",18200000,Spain,235800,19400,142,18.2
468743,RobleisIUTU,"['Movies', 'Animation']",18200000,Argentina,281000,24600,387,18.2
469,demilovato,['Music & Dance'],18000000,United States,29300,2900,160,18.0
470,jasonvlogslife,"['Animation', 'Toys']",18000000,Unknown,839900,1400,0,18.0
471,ILYABORZOV,['Unknown'],18000000,India,233900,7600,23,18.0
472,JohnyFamilyShow,"['Music & Dance', 'Toys']",17900000,Unknown,273800,170,0,17.9
4737,jordanmatter,"['Music & Dance', 'Humor']",17900000,United States,5400000,102500,8400,17.9
474,mgcplayhouse,"['Toys', 'Cars & Vehicles']",17900000,Unknown,40900,39,0,17.9
475,Jane_asmr,['Daily Vlogs'],17800000,Indonesia,109500,2600,148,17.8
4761644,portadosfundos,"['Movies', 'Animation']",17800000,Brazil,280300,18700,744,17.8
477,IGN,['Unknown'],17800000,United States,39800,906,79,17.8
47866,mkbhd,['Science & Technology'],17800000,United States,2900000,92100,2500,17.8
479,ElReinoAJugar,"['Education', 'Toys']",17800000,Unknown,322600,434,0,17.8
48051,cure0721,['Unknown'],17700000,Indonesia,1600000,123500,1100,17.7
481144,FactTechz,['Education'],17600000,India,277000,16800,709,17.6
482,musicalrmastv1,['Music & Dance'],17600000,Iraq,13800,593,98,17.6
483,VICE,['News & Politics'],17600000,United States,206600,4700,268,17.6
4844812,SagarKalraShorts,['Daily Vlogs'],17600000,India,3200000,0,70,17.6
485,yudistardhana,['Movies'],17600000,Indonesia,539900,20800,137,17.6
486,JFlaMusic,['Music & Dance'],17600000,Republic of Korea,54700,3000,275,17.6
487,popchartbusters,['Music & Dance'],17500000,India,21100,596,70,17.5
48819,rubentuestaoficial,['Unknown'],17500000,Argentina,2400000,292700,1300,17.5
4891627,NasyaOfficial,['Unknown'],17500000,Indonesia,0,0,0,17.5
490525,MoreAliA,"['Animation', 'Video Games']",17500000,United States,802200,17600,460,17.5
491,TRANSTVofficial,"['Music & Dance', 'Movies']",17500000,Indonesia,7400,142,1,17.5
49216,TheBrianMaps,"['Video Games', 'Humor']",17500000,Russia,5100000,317600,12000,17.5
493,disneyjunior,['Unknown'],17500000,Unknown,94000,295,0,17.5
494,BBCHindi,['News & Politics'],17400000,India,66200,0,155,17.4
495,BollywoodClassics,['Music & Dance'],17400000,India,28400,204,9,17.4
496,SriBalajiMovies,['Movies'],17400000,India,6000,161,0,17.4
497,Queen,"['Music & Dance', 'Movies']",17300000,United States,84000,7200,129,17.3
498,GatoGalactico,['Animation'],17300000,Brazil,63600,2300,0,17.3
499,MaviGadgets,['Unknown'],17300000,United States,94200,1900,9,17.3
500,LahariMusicIndia,['Music & Dance'],17300000,India,9500,300,10,17.3
501,ufc,['Sports'],17300000,United States,60300,1500,153,17.3
502,stubbornfacts,['Unknown'],17300000,India,11800,594,20,17.3
503,TV9Bharatvarsh,['News & Politics'],17300000,India,7100,127,2,17.3
504,Willyrex,"['Movies', 'Animation']",17300000,Mexico,131800,8700,49,17.3
505,LikeNastya_IDN,"['Music & Dance', 'Movies']",17200000,Unknown,336400,0,0,17.2
506100,SusyMouriz,['Unknown'],17200000,Mexico,2600000,256700,1300,17.2
50731,CelineDept,['Unknown'],17200000,United States,5100000,229000,517,17.2
508,gabyandalex2379,['Toys'],17200000,Unknown,31300,92,0,17.2
50948,GLENTYOUTUBE,['Video Games'],17100000,Russia,2100000,110700,5100,17.1
510,Infobellsbengalirhymes,['Education'],17100000,Unknown,143100,284,0,17.1
51148,AayuandPihuShow,"['Movies', 'Humor']",17100000,India,3600000,56200,7900,17.1
512,NMFNews,['News & Politics'],17100000,India,4800,111,3,17.1
513,PrajapatiNews,['Unknown'],17100000,India,11500,550,28,17.1
51489,DailyDoseOfInternet,['Animals & Pets'],17100000,United States,3300000,173200,5100,17.1
515,withkids2063,"['Animation', 'Toys']",17100000,United States,35900,0,0,17.1
51685,Jesser,"['Video Games', 'Humor']",17100000,United States,808900,22400,275,17.1
51771,IvanaAlawi,"['Movies', 'Humor']",17100000,Philippines,3000000,108700,14400,17.1
518,gmmtv,"['Music & Dance', 'Movies']",17100000,Thailand,16600,799,23,17.1
519,thairathonline,['News & Politics'],17100000,Thailand,18100,163,11,17.1
52021,Mrwhosetheboss,['Unknown'],17100000,United States,3800000,266100,1800,17.1
521,lizakoshy,['Humor'],17100000,United States,141400,11600,406,17.1
522,SonyLIV,['Unknown'],16900000,India,6700,161,2,16.9
523,LaRosaDeGuadalupeOf,['Unknown'],16900000,Mexico,110200,1000,27,16.9
524,GuavaJuice,['Unknown'],16900000,United States,104600,2700,271,16.9
525,ch7hd,['Unknown'],16900000,Thailand,3100,99,1,16.9
526,LEGO,['Animation'],16900000,United States,21900,593,0,16.9
527,ANNAKOVAOFFICIAL,['Unknown'],16900000,Unknown,380300,7300,5,16.9
528,MazhavilManorama,['Unknown'],16900000,India,17800,218,2,16.9
529587,Lyna,"['Movies', 'Animation']",16900000,Argentina,264100,11900,835,16.9
530,pognalishow,"['Animation', 'Video Games']",16900000,Russia,6100000,545300,23000,16.9
531381,DeToxoMoroxo-Oficial,"['Movies', 'Animation']",16900000,Mexico,131600,5900,2300,16.9
532,VijayKumarVinerVlogs,['Unknown'],16800000,India,494000,15800,14,16.8
53331,failarmy,"['Animation', 'Humor']",16800000,United States,2500000,20100,639,16.8
534,TuCOSMOPOLIS,['News & Politics'],16700000,Mexico,31900,2400,169,16.7
535,FunFunMiniWorld,['Unknown'],16700000,United States,25500,660,3,16.7
536,ColorsRishtey1,['Unknown'],16700000,India,4400,44,1,16.7
537,RCTILAYARDRAMAINDONESIA,"['Music & Dance', 'Movies']",16700000,Indonesia,6100,123,2,16.7
538131,GoAmiGo,['Daily Vlogs'],16700000,Colombia,2300000,157200,549,16.7
539,katakit_baby,['Music & Dance'],16700000,Saudi Arabia,0,0,0,16.7
5402496,DearSir,['Education'],16700000,India,176800,13200,854,16.7
541,KaykaiSalaiderChannel,"['Movies', 'Humor']",16700000,Thailand,154200,10200,460,16.7
542,IDEASEN5MINUTOSoficial,['Movies'],16600000,Mexico,38400,138,4,16.6
543599,SupercarBlondie,['Animation'],16600000,United States,558800,20400,448,16.6
54412,ChetanMongaVlogs,['Daily Vlogs'],16600000,India,5100000,253900,285,16.6
545,hamaarbhojpuri,['Music & Dance'],16600000,India,6300,109,10,16.6
546,vladandnikiarab,['Animation'],16600000,Unknown,167700,633,0,16.6
547,JoseComelonEspanol,['Food & Drink'],16500000,Unknown,75100,1800,0,16.5
548,Pitbull,"['Music & Dance', 'Movies']",16500000,United States,9800,916,39,16.5
549574,Unspeakable,"['Video Games', 'Humor']",16500000,United States,867900,22900,368,16.5
550,A2Motivation,['Unknown'],16500000,India,1700000,0,895,16.5
551204,T3ddy,['Unknown'],16500000,Brazil,393200,38300,1000,16.5
552171,TWICE,"['Music & Dance', 'Movies']",16500000,Philippines,228700,26100,427,16.5
553117,SandraCiresArt,['Unknown'],16399999,Colombia,347900,22600,3900,16.399999
554,boyceavenue,['Music & Dance'],16399999,Brazil,17200,1100,26,16.399999
5551555,antrax,['Animation'],16399999,Mexico,215400,9700,458,16.399999
556,samsmith,['Music & Dance'],16399999,United States,43900,2500,111,16.399999
557,JenniferLopez,"['Music & Dance', 'Movies']",16399999,Unknown,0,0,0,16.399999
559,mkmusic,['Music & Dance'],16399999,Brazil,7600,895,20,16.399999
560434,NatanporAi,['Unknown'],16399999,Brazil,2500000,89300,302,16.399999
5611110,MYFAMILYComedy,['Unknown'],16399999,India,1000000,3700,93,16.399999
562,SonyMusicSouth,"['Music & Dance', 'Movies']",16300000,India,203100,3900,63,16.3
563,FitDanceTV,"['Music & Dance', 'Animation']",16300000,Unknown,33100,1000,11,16.3
564350,jjolatunji,['Unknown'],16300000,United States,69700,1700,87,16.3
565,kidsplay,"['Movies', 'Toys']",16300000,Unknown,156800,102,0,16.3
566,ADME_RU,['Animation'],16300000,Russia,21700,477,26,16.3
56734,Arifmuhammadd,"['Music & Dance', 'Movies']",16300000,Indonesia,2900000,58000,1500,16.3
568,MashaBearARAB,['Unknown'],16300000,Unknown,192200,3100,0,16.3
569,JulianaBaltar,"['Movies', 'Humor']",16200000,Brazil,228700,12000,158,16.2
57048,Thegeetagurjar,['Unknown'],16200000,India,2700000,53700,37,16.2
571587,RayWilliamJohnson,"['Animation', 'Humor']",16200000,United States,1800000,107500,1400,16.2
572,PeetMontzingo,['Unknown'],16200000,United States,2600000,0,903,16.2
573569,AnayaKandhal,['Unknown'],16200000,India,5300000,86500,83,16.2
574,VolgaVideo,['Unknown'],16200000,India,1800,10,0,16.2
575,5MinuteCraftsFAMILY,['Unknown'],16200000,India,6200,75,3,16.2
576,DylandPROS,"['Movies', 'Animation']",16100000,Indonesia,15300,863,25,16.1
577,TheMriDul,['Unknown'],16100000,India,6000000,167200,5200,16.1
578,FCBarcelona,['Sports'],16100000,United States,140000,10900,157,16.1
57914,kuplinovplay,['Video Games'],16100000,Russia,1500000,98200,1700,16.1
580,KashviAdlakha,['Unknown'],16100000,India,71500,2100,12,16.1
581,EliKids,['Music & Dance'],16100000,Unknown,520300,1600,0,16.1
582,TeamFilmsBhojpuri,['Music & Dance'],16100000,India,5000,101,12,16.1
583,camilo,['Music & Dance'],16100000,Colombia,46900,3600,120,16.1
584,BlippiEspanol,['Unknown'],16100000,Unknown,173900,348,0,16.1
58542,GH.S,['Unknown'],16000000,United States,6800000,246200,959,16.0
586,DopeLyrics,['Music & Dance'],15900000,United States,7900,149,7,15.9
587,wifistudy,['Education'],15900000,India,2000,34,1,15.9
588,TheVishalbhatt,['Unknown'],15900000,India,408000,23100,56,15.9
5893190,Painzeiro,['Daily Vlogs'],15900000,Brazil,2500000,132600,502,15.9
590,kimloaizaa,['Music & Dance'],15900000,Mexico,0,0,0,15.9
5911353,boxtoxtv,['Unknown'],15900000,India,610800,21100,48,15.9
592,kompastv,['News & Politics'],15900000,Indonesia,6400,44,15,15.9
593,jeffreestar,['Beauty'],15900000,United States,553100,36000,4800,15.9
594376,joerogan,['Daily Vlogs'],15900000,United States,729000,11700,1800,15.9
595,RottenTomatoesTRAILERS,"['Movies', 'Animation']",15900000,United States,40300,629,71,15.9
596,CNN,"['Music & Dance', 'Animation']",15800000,United States,100800,1700,769,15.8
59729,mariano_razo,['Unknown'],15800000,Mexico,4100000,276600,609,15.8
59810,sevengersofficial,['Unknown'],15800000,India,3600000,367200,503,15.8
599148,justinflom,"['Movies', 'Humor']",15800000,United States,1200000,64099,243,15.8
600,THE_BROWN_SIBLINGS,['Unknown'],15800000,India,892400,71300,196,15.8
6012,albert_cancook,['Unknown'],15800000,United States,5000000,350000,1600,15.8
602,SRKMUSIC,['Music & Dance'],15800000,India,16400,356,18,15.8
603,studyiqofficial,['Education'],15700000,India,9400,441,12,15.7
604,5MCArabic,['Movies'],15700000,Egypt,7600,72,2,15.7
605585,HenriqueeJuliano,['Music & Dance'],15700000,Brazil,1400000,15500,295,15.7
606,MobileLegends5v5MOBA,"['Animation', 'Video Games']",15700000,Indonesia,75600,1600,110,15.7
607,Ravisagar88,['Unknown'],15700000,India,303800,12700,80,15.7
6081485,Chustertv,['Video Games'],15700000,Spain,1900000,88600,250,15.7
609,TalkingFriends,"['Animation', 'Humor']",15700000,United States,7100,50,0,15.7
610,genierock,['Music & Dance'],15700000,Thailand,183900,3000,137,15.7
611,Zayn,['Music & Dance'],15700000,United States,51900,10600,378,15.7
612,RS1313Shorts,['Unknown'],15600000,India,10800,68,8,15.6
613,MNCTVOfficialId,"['Music & Dance', 'Movies']",15600000,Indonesia,1900,47,0,15.6
614108,IanBoggs,"['Movies', 'Humor']",15600000,United States,943000,75400,688,15.6
615734,LOKESHGAMER,['Unknown'],15500000,India,122300,11200,400,15.5
616346,DEVKeFacts,['Unknown'],15500000,India,1200000,52500,178,15.5
617,HongyuASMR,['ASMR'],15500000,United States,436100,5900,130,15.5
618,DaveAndAva,['Music & Dance'],15500000,Unknown,153200,487,0,15.5
619,abscbnnews,['News & Politics'],15500000,Philippines,3400,26,1,15.5
620,ndtvindia,['News & Politics'],15500000,India,4500,66,1,15.5
621449,huba3,['Unknown'],15500000,United States,1500000,66700,105,15.5
6221594,nianaguerrero,['Music & Dance'],15500000,Philippines,443100,10900,242,15.5
623,ABCNews,['News & Politics'],15500000,United States,12300,178,39,15.5
624,romanatwoodvlogs,"['Movies', 'Humor']",15500000,United States,100500,6400,52,15.5
625,DaftarPopuler,['Science & Technology'],15500000,Indonesia,159300,1600,294,15.5
626158,LinusTechTips,['Science & Technology'],15500000,United States,1600000,58000,2500,15.5
62775,EdisonPts,['Video Games'],15500000,Russia,1500000,113000,4100,15.5
628,50Cent,['Music & Dance'],15500000,United States,29800,2200,65,15.5
629,NetflixJr,"['Animation', 'Humor']",15500000,Unknown,88900,549,0,15.5
630,Kerajinan5-Menit,['Unknown'],15400000,Indonesia,8700,45,2,15.4
631,indorephysicalacademy.,['Daily Vlogs'],15400000,India,26200,3800,68,15.4
632,LittleAngelBrasil,['Animation'],15400000,Unknown,197900,548,0,15.4
633,BigSchoolMinecraft,"['Animation', 'Video Games']",15300000,United States,108200,5900,17,15.3
6341764,Makiman131,"['Movies', 'Animation']",15300000,Spain,254700,10800,305,15.3
6351465,mispastelitos,['Food & Drink'],15300000,Mexico,543600,25400,188,15.3
6361212,ranzkyle,['Unknown'],15300000,Philippines,421100,9800,259,15.3
637,PlayStation,['Unknown'],15300000,United States,30600,953,70,15.3
638,Thaich8,['Unknown'],15300000,Thailand,4000,92,1,15.3
639,leagueoflegends,"['Movies', 'Animation']",15300000,United States,362400,11200,602,15.3
640,OyuncakAvi-oyku,['Unknown'],15300000,Unknown,0,0,0,15.3
641,kwebbelkop,"['Animation', 'Video Games']",15300000,United States,29700,654,39,15.3
642,BBCNews,['News & Politics'],15300000,United States,54700,866,391,15.3
643,mariale,['Unknown'],15300000,Mexico,17200,793,11,15.3
644384,DentalDigest,['Unknown'],15300000,United States,505200,21300,316,15.3
645,zncoficial,['Unknown'],15200000,Brazil,479000,8400,117,15.2
6461407,woodyandkleiny,"['Video Games', 'Humor']",15200000,United States,633000,55700,75,15.2
647,zeebangla,['Unknown'],15200000,India,5700,145,0,15.2
6483155,SanjoyDasOfficial,['Unknown'],15200000,India,1100000,55000,74,15.2
6491313,AmaraQueLinda,['Daily Vlogs'],15200000,Colombia,1800000,89400,208,15.2
650,crashcourse,['Science & Technology'],15200000,United States,42200,1400,42,15.2
651709,PPMussas,['Fashion'],15200000,Mexico,497800,19900,400,15.2
652,JamunaTVbd,['News & Politics'],15200000,Bangladesh,12500,327,19,15.2
65321,XpressTV,['Science & Technology'],15100000,Mexico,1100000,29100,241,15.1
654,MelanieMartinez,['Music & Dance'],15100000,United States,344600,92700,4100,15.1
655,OReinoInfantil,['Music & Dance'],15100000,Unknown,84500,149,0,15.1
656,vladandnikiport,['Unknown'],15100000,Unknown,457200,0,0,15.1
65723,AdamW,"['Animation', 'Humor']",15100000,United States,3600000,164100,524,15.1
658511,E_MasterSensei,"['Movies', 'Video Games']",15100000,Mexico,623700,25100,395,15.1
659,AadishaktiFilms,['Music & Dance'],15100000,Unknown,12200,236,20,15.1
660,Therichest,['News & Politics'],15100000,United States,5100,154,14,15.1
661,GuiGe,['Unknown'],15100000,India,93600,2800,4,15.1
662,infobellskannadarhymes,['Education'],15000000,Unknown,189500,349,0,15.0
6632911,spider_vambi,['Unknown'],15000000,Japan,1100000,30900,50,15.0
664,hasantarhan,['Unknown'],15000000,Iran,293000,5300,4,15.0
665,Bebefinn,['Unknown'],15000000,Philippines,2100000,15200,0,15.0
666,jorgeemateus,['Music & Dance'],15000000,Brazil,33500,1500,44,15.0
66757,camilaloures,"['Movies', 'Humor']",15000000,Brazil,356000,23300,364,15.0
668,vladandnikirus,['Toys'],15000000,Unknown,657400,1400,0,15.0
669801,TheDodo,['Animals & Pets'],14900000,United States,416300,13200,424,14.9
670,5MinuteCraftsRecycle,['Unknown'],14900000,India,4800,52,2,14.9
671,GyanGaming,"['Video Games', 'Humor']",14900000,India,106400,12300,170,14.9
672,fueledbyramen,['Music & Dance'],14900000,United States,49900,1000,247,14.9
673,itowngameplay,"['Animation', 'Video Games']",14900000,Mexico,49500,3000,163,14.9
6749,juliagisella,['Unknown'],14900000,United States,13800000,731800,6800,14.9
675,TroomTroomRu,"['Video Games', 'Toys']",14900000,Unknown,45900,1100,20,14.9
676,LuliPampin,"['Music & Dance', 'Animation']",14900000,Unknown,1200000,2700,0,14.9
677,MattyBRaps,['Music & Dance'],14900000,United States,68000,401,0,14.9
67830,lachlan,"['Animation', 'Video Games']",14900000,United States,1600000,37300,656,14.9
679,vladynikishow,['Unknown'],14900000,Unknown,444900,1200,0,14.9
680,vilmei,['Unknown'],14900000,Indonesia,177900,0,146,14.9
68128,theslowmoguys,['Unknown'],14900000,United States,1600000,82400,2700,14.9
682,aljazeera,['News & Politics'],14900000,Morocco,20500,789,57,14.9
6839,rebeccazamolo,"['Video Games', 'Humor']",14900000,United States,3500000,39200,3300,14.9
684,MeghanTrainor,"['Movies', 'Humor']",14900000,United States,14100,591,51,14.9
68587,PrestonPlayz,"['Animation', 'Video Games']",14900000,United States,1000000,17400,840,14.9
686,Telemundo,['Unknown'],14900000,Argentina,12800,290,16,14.9
687,BigTastyAnimations,['Unknown'],14900000,United States,82200,2400,6,14.9
688,GMM25Thailand,['Unknown'],14900000,Thailand,2200,46,0,14.9
689,majorlazer,"['Music & Dance', 'Movies']",14900000,United States,1200000,51900,1000,14.9
69096,auron,"['Movies', 'Animation']",14800000,Mexico,1100000,51300,989,14.8
691,sportsnation,['Sports'],14800000,United States,72500,2700,25,14.8
692879,itsDrRyan,['Unknown'],14800000,United States,465200,18600,283,14.8
693335,klara_tania,"['Movies', 'Animation']",14800000,Indonesia,1300000,66900,114,14.8
69437,StrayKids,"['Music & Dance', 'Movies']",14800000,United States,1100000,217900,2300,14.8
695,DEVKeExperiment,['Unknown'],14800000,Unknown,1500000,38800,38,14.8
696,facts806,['Unknown'],14800000,Egypt,34400,1300,36,14.8
697,dropout,"['Movies', 'Humor']",14800000,United States,327500,15800,407,14.8
698311,NobruTV,"['Movies', 'Animation']",14800000,Brazil,519100,50000,170,14.8
699,LikeNastya_Stories,"['Animation', 'Toys']",14700000,Unknown,81800,368,0,14.7
700,ZigandSharko,['Unknown'],14700000,Unknown,127000,1700,0,14.7
701,MartinGarrix,['Music & Dance'],14700000,United States,42500,3500,140,14.7
704,zeetvtelugu,['Unknown'],14700000,India,3000,75,0,14.7
705,FACTFIREKING,['Unknown'],14700000,Unknown,350400,45900,221,14.7
70653,CrescendocomLuluca,['Animation'],14700000,Brazil,638800,30700,1700,14.7
707210,AlexaRivera,"['Animation', 'Humor']",14700000,United States,2600000,46900,2600,14.7
708147,Compot,['Video Games'],14700000,Russia,1100000,44800,2000,14.7
709850,luismendez1405,['Unknown'],14700000,Mexico,262900,35100,466,14.7
710,BobonSantoso,"['Music & Dance', 'Movies']",14700000,Indonesia,205400,8100,512,14.7
711,reactiontime,"['Animation', 'Humor']",14700000,United States,2700000,96500,312,14.7
712,bibotoysrus,"['Animation', 'Toys']",14700000,Unknown,110100,0,0,14.7
71390,TommyInnit,"['Video Games', 'Humor']",14700000,United States,744100,96000,4000,14.7
714386,NickPro,['Sports'],14600000,United States,926200,15600,130,14.6
715,crazyfrog,"['Music & Dance', 'Animation']",14600000,United States,452000,7100,128,14.6
7161084,MARIANAMIAMORCH,['Movies'],14600000,Mexico,782700,51600,459,14.6
717,user-ts8yv9np7m,"['Movies', 'Humor']",14600000,Unknown,2400,6,0,14.6
718,IDEIASINCRIVEIS,['Unknown'],14500000,Brazil,10000,88,2,14.5
719,boramtubetoysreview9575,"['Movies', 'Toys']",14500000,Unknown,8800,77,0,14.5
720,jomyproductionshorts,['Unknown'],14500000,India,424700,17200,40,14.5
721,geonews,['Unknown'],14500000,Pakistan,1500,31,1,14.5
722,legendaefunk,"['Music & Dance', 'Animation']",14500000,Brazil,4200,150,9,14.5
723,ComePlayWithMe,"['Movies', 'Toys']",14500000,Unknown,1100000,0,0,14.5
72488,Jazzghost,"['Animation', 'Video Games']",14500000,Brazil,1200000,58100,2200,14.5
725,WishFM1075official,['Music & Dance'],14500000,Philippines,51900,1200,142,14.5
726,LillySingh,"['Animation', 'Humor']",14500000,United States,34100,2100,26,14.5
727,RosannaPansino,['DIY & Life Hacks'],14500000,United States,176900,6100,448,14.5
728,airrack,"['Video Games', 'Humor']",14500000,United States,3000000,121400,3000,14.5
72910,MauMcMahon,['Unknown'],14500000,Mexico,1900000,114600,923,14.5
730,cyprien,"['Movies', 'Animation']",14500000,France,1900000,208200,4300,14.5
731,tseriesregional,['Music & Dance'],14500000,India,3300,60,5,14.5
732,nehakakkar,['Music & Dance'],14500000,India,5400000,215700,815,14.5
733157,veritasium,['Science & Technology'],14500000,United States,2300000,108000,4800,14.5
734,ETVJabardasth,['Humor'],14500000,India,85300,1700,3,14.5
735,karameeshchannel,['Music & Dance'],14500000,Jordan,200200,1100,0,14.5
736,dangmattsmith,"['Animation', 'Humor']",14500000,Unknown,69000,2200,398,14.5
7373067,PetsSwag,['Unknown'],14500000,United States,263200,7100,60,14.5
7381286,nikkietutorials,"['Design/Art', 'Beauty']",14500000,United States,443800,39600,412,14.5
739,thinkmusicofficial,['Music & Dance'],14500000,India,60600,1700,11,14.5
740,Drawblogs,"['Movies', 'Animation']",14400000,Mexico,8600,377,23,14.4
741,rupalchoudharytd,['Unknown'],14400000,India,113500,4500,27,14.4
742,BieTheSka,['Unknown'],14300000,Thailand,138500,3500,109,14.3
743,Narobeauty,['Unknown'],14300000,Iraq,3500000,220300,18400,14.3
744291,ATRO55,['Unknown'],14300000,Iraq,376400,39200,3200,14.3
745,OQueNaoDizerOficial,"['Movies', 'Animation']",14300000,Brazil,71500,6300,77,14.3
7464370,scottsreality,['Unknown'],14300000,United States,1500000,41200,237,14.3
747,GrandmasterJinBodhi,['Animation'],14300000,Singapore,25400,746,132,14.3
7482264,RaptorGamer,"['Animation', 'Video Games']",14300000,Mexico,112300,9200,302,14.3
749,theHacksmith,['Video Games'],14300000,United States,106500,5100,64,14.3
750,GoldminesPremiere,['Unknown'],14300000,Unknown,8300,154,0,14.3
751,kidstvindia,['Toys'],14300000,Unknown,34700,98,0,14.3
752,atlanticrecords,['Unknown'],14300000,United States,6100,241,7,14.3
75386,Mythpat,['Unknown'],14300000,India,1500000,108200,4400,14.3
754,SuperPolina,['Unknown'],14300000,Russia,53700,102,0,14.3
755,TVAnaEmilia,['Unknown'],14300000,Mexico,29600,1200,84,14.3
756202,Acenix,"['Animation', 'Video Games']",14300000,Mexico,580800,21200,497,14.3
75794,LizaBaez,['Unknown'],14200000,Mexico,2000000,162900,1000,14.2
758,linhnhishorts,['Unknown'],14200000,United States,322200,6000,4,14.2
75968,penguinz0,['Movies'],14200000,United States,1600000,84300,3800,14.2
760,trapcity,['Music & Dance'],14200000,United States,18000,817,31,14.2
761511,AM3NlC,['Cars & Vehicles'],14100000,Brazil,229800,20300,237,14.1
762,thef2,['Sports'],14100000,United Kingdom,711800,20600,355,14.1
763277,DesiGamers_,['Unknown'],14100000,India,588900,77300,3100,14.1
764,AlArabiya,['News & Politics'],14100000,Morocco,13100,254,27,14.1
765,refugiomental6032,['Movies'],14100000,Argentina,80200,1300,19,14.1
766,WanasahTV1,"['Movies', 'Animation']",14100000,Unknown,200100,916,0,14.1
76746,bigchungusYT,['Unknown'],14100000,Argentina,7400000,571600,4500,14.1
768,blockbustermovies7960,['Daily Vlogs'],14100000,India,8700,173,2,14.1
769,LittleTreehouseNurseryRhymes,"['Toys', 'Cars & Vehicles']",14100000,Unknown,48900,99,0,14.1
770,MasterskayaNastroeny,"['Movies', 'Video Games']",14100000,Russia,282400,4300,92,14.1
771,gmanews,['News & Politics'],14100000,Philippines,3600,63,1,14.1
772,RighttoShiksha,['Unknown'],14100000,India,402700,46600,95,14.1
773,Infobellsrhymes,"['Toys', 'Cars & Vehicles']",14000000,Unknown,33600,480,0,14.0
7744971,jtcasey,"['Animation', 'Humor']",14000000,United States,390600,17400,292,14.0
775549,CznBurak,['Daily Vlogs'],14000000,Turkey,341500,17800,296,14.0
776360,LaGranjadelBorrego,['Unknown'],14000000,Colombia,1500000,145900,518,14.0
777,itsbrothersvlog,['Unknown'],14000000,India,1200000,0,13,14.0
77811,ryan,['Movies'],14000000,United States,2100000,140100,1100,14.0
779210,lunomosik,['Video Games'],13900000,Russia,1400000,33700,1600,13.9
780,nishamadhulika,['Food & Drink'],13900000,India,235600,3200,417,13.9
781,adeletsami3286,"['Animation', 'Humor', 'Toys']",13900000,France,20700,80,0,13.9
782,JDPantojaA,"['Music & Dance', 'Animation']",13900000,Mexico,2200000,119500,10000,13.9
783,TypicalGamer,"['Animation', 'Video Games']",13900000,United States,248200,6200,224,13.9
784,MashaBearUkraine,['Unknown'],13900000,Unknown,147900,1600,0,13.9
785,BBC,"['Movies', 'Animation']",13900000,United Kingdom,9300,212,6,13.9
786,codiscos,['Music & Dance'],13900000,Unknown,10000,192,7,13.9
787,123GOSpanish,['Animation'],13900000,Mexico,25000,403,12,13.9
788896,cainguzman,['Unknown'],13900000,Mexico,548900,24700,53,13.9
789,MoniLinaFamily,['Unknown'],13900000,India,462200,16000,14,13.9
790,pokemonkidstv,['Unknown'],13900000,Unknown,19000,0,0,13.9
7918,dhruvrathee,['News & Politics'],13900000,India,6600000,295700,10000,13.9
792118,ZeinabHarakeVlogs,['Humor'],13900000,Philippines,1100000,35100,784,13.9
793,TwinsFromRussiaRevega,"['Animation', 'Humor']",13900000,United States,50000,1500,9,13.9
794,SaturdayNightLive,"['Movies', 'Humor']",13900000,United States,801000,13600,611,13.9
795,KidsLineKOYA,"['Movies', 'Humor']",13900000,Unknown,6000,26,0,13.9
796,jojotvhindi,['Music & Dance'],13900000,India,21200,189,4,13.9
797370,TrakinTech,['News & Politics'],13900000,India,261200,15200,534,13.9
798,Vogue,['Fashion'],13900000,United States,135500,4200,160,13.9
799510,MyMateNate,['Unknown'],13900000,Thailand,1200000,31300,1600,13.9
800,FAPTV,"['Animation', 'Humor']",13900000,United States,42300,1300,6,13.9
801,Behindwoodstv,['Daily Vlogs'],13800000,Unknown,14300,415,4,13.8
802,NANDO,"['Animation', 'Humor']",13800000,Colombia,1200000,17100,306,13.8
803165,BanderitaX,"['Animation', 'Video Games']",13800000,Saudi Arabia,825400,54700,2700,13.8
80422,LukeDidThat,['Unknown'],13800000,United States,3800000,147300,2500,13.8
805,PlayHard,['Unknown'],13800000,Brazil,189500,18500,115,13.8
806,MCDivertida,"['Music & Dance', 'Movies']",13800000,Unknown,309600,1100,0,13.8
807874,Adaahqueen,['Unknown'],13800000,India,1100000,85000,191,13.8
808,DALLMYD,['Mystery'],13700000,United States,0,0,0,13.7
809,MAIKI021,"['Animation', 'Humor']",13700000,Brazil,7700,688,61,13.7
810,awakeningrecords,['Music & Dance'],13700000,Indonesia,31300,2200,108,13.7
811,manishsahufitness47,['Unknown'],13700000,India,844400,43100,197,13.7
812858,mymissanand,"['Movies', 'Humor']",13700000,India,882900,11300,860,13.7
81312,Matt.Larose,['Unknown'],13700000,United States,2400000,120400,279,13.7
814197,Caylus,"['Animation', 'Video Games']",13700000,United States,483500,10700,502,13.7
815313,ladydiana11,"['Music & Dance', 'Humor']",13700000,Russia,1600000,42900,2400,13.7
816429,TechnologyGyan,['Unknown'],13700000,India,431600,27300,1600,13.7
817626,BUDI01GAMING,"['Movies', 'Animation']",13700000,Indonesia,464800,21700,985,13.7
818,LofiGirl,['Humor'],13700000,United States,283100,15100,345,13.7
819,Anaysa,"['Movies', 'Humor']",13700000,India,320100,7200,235,13.7
820417,PozziGamer,"['Animation', 'Video Games']",13700000,Russia,370300,14200,1000,13.7
821,TheInfographicsShow,['Education'],13700000,United States,140900,3200,274,13.7
82260,Littleglove,['Daily Vlogs'],13600000,India,825700,48500,144,13.6
823,SonotekBhakti,['Music & Dance'],13600000,India,15300,271,15,13.6
824,gags,['Unknown'],13600000,United States,96100,1100,32,13.6
82582,soysuco24,['Unknown'],13600000,Peru,1600000,149600,3300,13.6
826,zeetamil,['Unknown'],13600000,India,14600,261,1,13.6
827,onlinejobRk,['Unknown'],13500000,India,5000,111,14,13.5
828,KabitasKitchen,['Unknown'],13500000,India,107000,3800,187,13.5
829,Wengie,['Food & Drink'],13500000,United States,10000,645,64,13.5
830299,BrawlStars,['Animation'],13500000,United States,516000,42100,880,13.5
831371,athleanx,"['Fitness', 'Health & Self-Help']",13500000,United States,216200,9300,319,13.5
832,PeppaPigPortuguesOficial,"['Movies', 'Animation']",13500000,Unknown,353000,1500,0,13.5
8331182,prantoniojunior,['Music & Dance'],13500000,Brazil,210900,48000,2200,13.5
834,VexTrexKidsCartoon,"['Movies', 'Animation']",13500000,Unknown,34400,0,0,13.5
835,theRadBrad,"['Animation', 'Video Games']",13500000,United States,196100,8500,325,13.5
836,MattSDance,"['Music & Dance', 'Movies']",13500000,United States,62500,2300,44,13.5
837,TheQ_original,['Unknown'],13500000,United States,10800,275,5,13.5
8383525,WiederDude,['Unknown'],13500000,United States,0,0,0,13.5
839,Akon,['Music & Dance'],13500000,Brazil,35400,1800,123,13.5
840,H2ODelirious,"['Animation', 'Video Games']",13500000,United States,97600,4800,113,13.5
841,cute.shivani.05,['Unknown'],13400000,India,1400000,0,725,13.4
84282,redbull,['Sports'],13400000,United States,507800,29000,255,13.4
8431185,AlexGonzagaOfficial,"['Movies', 'Humor']",13400000,Philippines,1300000,32100,1100,13.4
8441145,einerdtv,"['Movies', 'Animation']",13400000,Brazil,194200,25500,1000,13.4
845,OficialHungria,['Music & Dance'],13400000,Brazil,33100,4600,135,13.4
846,RauwAlejandroTv,['Music & Dance'],13400000,Peru,6800000,90500,2800,13.4
847,knowledgetvhindi001,['Education'],13400000,India,74700,2900,126,13.4
848,MoonbugKids_SingAlongWithMe,['Toys'],13400000,Unknown,60300,83,0,13.4
849,lokdhunpunjabi,['Music & Dance'],13300000,India,6800,170,9,13.3
850,theworldadventureshindi,['Daily Vlogs'],13300000,Unknown,4200,227,15,13.3
851,dianaromaind,['Unknown'],13300000,Unknown,204200,400,0,13.3
852,janesergo,['Unknown'],13300000,United States,50800,1500,9,13.3
85359,FamilyFitnessChannel,['Unknown'],13300000,India,422000,19600,539,13.3
854,sinotalgaming,['Unknown'],13300000,Unknown,4800,148,4,13.3
855,nhstudioz,['Unknown'],13300000,India,53000,251,5,13.3
85646,NITINFREEFIRE,['Unknown'],13300000,India,1200000,151000,3300,13.3
857,redetv,['Unknown'],13300000,Brazil,4200,152,3,13.3
858,GustavoParodiasOficial,['Unknown'],13300000,Brazil,99400,6600,38,13.3
859,twentyonepilots,['Unknown'],13300000,United States,0,0,0,13.3
860,JesseAndMike,['Unknown'],13300000,United States,241600,3600,140,13.3
861915,sulgiyang,"['ASMR', 'Food & Drink']",13200000,United States,404700,7900,283,13.2
8621573,FreeFireIndiaOfficial,['Unknown'],13200000,India,101300,7400,467,13.2
863,DRJRecordsspecials,['Unknown'],13200000,India,9600,40,1,13.2
864,TopViralTalentYT,['Unknown'],13200000,United States,8100,132,6,13.2
86523,JoojNatu,['Unknown'],13200000,Brazil,1500000,176600,495,13.2
866,CuteWolfVideos,"['Movies', 'Toys']",13100000,Unknown,50000,151,0,13.1
867,DuoTiempoDeSol,"['Music & Dance', 'Animation']",13100000,Unknown,43700,137,0,13.1
868,gymvirtual,"['Fitness', 'Health & Self-Help']",13100000,Mexico,54900,1700,43,13.1
869,KiryaKolesnikov,['Daily Vlogs'],13100000,United States,37800,1100,6,13.1
8702935,EnglishConnectionByKanchan,['Education'],13100000,India,194800,10900,140,13.1
871,HeidiandZidaneEsp,['Daily Vlogs'],13100000,Unknown,96700,283,0,13.1
872676,WatchMeOff,"['Movies', 'Animation']",13100000,Russia,88700,2600,24,13.1
873,JugnuKidsvideos,"['Food & Drink', 'Toys']",13100000,Unknown,28200,94,0,13.1
874,watchHitsHD,['Unknown'],13100000,India,26500,363,15,13.1
875,ColeAndSav,['Daily Vlogs'],13100000,United States,230000,7800,637,13.1
876171,NbaYoungBoy,['Music & Dance'],13100000,United States,720400,28100,1000,13.1
877,francoescamilla,"['Movies', 'Humor']",13100000,Mexico,283700,15700,97,13.1
878,FirstWeFeast,['Movies'],13100000,United States,149300,5500,132,13.1
879,officialjassrecords,['Music & Dance'],13100000,India,11300,525,5,13.1
880,bibotoyskor,['Unknown'],13000000,Unknown,13700,0,0,13.0
881,Super_Senya_RU,"['Animation', 'Toys']",13000000,Unknown,28400,138,0,13.0
88217,NickDiGiovanni,['Food & Drink'],13000000,United States,4200000,217700,2100,13.0
883,Enterr10Rangeela,['Music & Dance'],13000000,India,16500,228,4,13.0
884,suhaofun,['Daily Vlogs'],13000000,United States,228200,4300,3,13.0
885,MundoBita,"['Music & Dance', 'Movies']",13000000,Unknown,350200,10200,0,13.0
886,ctctv,"['Movies', 'Animation']",13000000,Russia,523700,4700,239,13.0
887,TeremokTV,['Unknown'],12900000,Unknown,74300,134,0,12.9
888349,FarjanaDrawingAcademy,['Unknown'],12900000,India,198200,13500,245,12.9
889,FlowersComedy,['Humor'],12900000,India,54000,852,36,12.9
890,TalkingAngela,['Unknown'],12900000,United States,35900,918,0,12.9
8911603,Vendyyaduwanshi,['Unknown'],12900000,India,382200,43200,56,12.9
89283,RachitRojha,['Unknown'],12900000,India,2200000,39400,1500,12.9
893,_gogo2728,['Daily Vlogs'],12900000,India,225300,18600,41,12.9
894,NDTV,['News & Politics'],12900000,India,2600,15,1,12.9
895,WaveMusicBhakti,['Music & Dance'],12900000,Unknown,2100,35,3,12.9
896,BiperYSusAmigos,"['Music & Dance', 'Movies']",12900000,Unknown,60900,0,0,12.9
897,deepalimarkam1,['Unknown'],12900000,India,227500,0,26,12.9
898,BlossomTV,['Unknown'],12900000,United States,18500,516,3,12.9
899,MrSuicideSheep,['Unknown'],12900000,United States,37700,1700,39,12.9
900,FamilyBooms,['Unknown'],12900000,India,2300000,69900,57,12.9
901323,Morgz,"['Movies', 'Humor']",12900000,Unknown,189500,8300,159,12.9
90233,NasDaily,['Daily Vlogs'],12900000,United States,109200,4100,288,12.9
903,TroomTroom_India,['Unknown'],12800000,India,29300,343,5,12.8
904,saito09,['Unknown'],12800000,United States,824400,17600,26,12.8
905126,colinfurze,['Video Games'],12800000,United States,3900000,133300,5200,12.8
906,HeroMovies2023,['Daily Vlogs'],12800000,India,7400,179,2,12.8
907,rathorvideo,['Music & Dance'],12800000,India,4200,34,3,12.8
908,refugiomental6818,"['Movies', 'Animation']",12800000,Brazil,93900,2500,28,12.8
909,StarBharat,['Unknown'],12800000,India,61000,1100,14,12.8
910,TroomTroom_Indonesia,"['Music & Dance', 'Movies']",12700000,Indonesia,96700,818,18,12.7
911,bharatzkitchenHINDI,['Unknown'],12700000,India,152400,3700,140,12.7
912,AdexeyNau,['Music & Dance'],12700000,Mexico,13900,1600,88,12.7
913,WildNOut,"['Music & Dance', 'Humor']",12700000,United States,312300,12800,99,12.7
9141463,piuzinho,"['Animation', 'Humor']",12700000,Brazil,178800,32600,650,12.7
915935,MasSKabeche,"['Movies', 'Animation']",12700000,Mexico,756600,36100,536,12.7
916,QuantumTech,['Science & Technology'],12700000,United States,233600,2000,36,12.7
917,tappuhoneyparmar4277,['Unknown'],12700000,India,333400,0,34,12.7
918,pocoyo,['Unknown'],12700000,Unknown,403800,2100,0,12.7
919,GoldminesActionMovies,['Unknown'],12700000,Unknown,5100,133,0,12.7
920,TheDaniRep,"['Animation', 'Video Games']",12700000,Mexico,154700,9600,89,12.7
921,parislifestyle7488,['Unknown'],12700000,India,354600,3000,197,12.7
9222127,TimbaVk,"['Animation', 'Video Games']",12700000,Mexico,612000,24200,479,12.7
923179,OliviaRodrigo,['Music & Dance'],12700000,United States,418900,47900,1000,12.7
9241947,merrickhanna,['Unknown'],12700000,United States,536300,25900,244,12.7
925535,SoyTioNestor,['Animation'],12700000,Mexico,278000,19900,307,12.7
926,TalentRecap,"['Music & Dance', 'Movies']",12700000,United States,35800,370,18,12.7
927,hzhtubekidsfun,"['Animation', 'Toys']",12700000,Unknown,65400,851,0,12.7
928,DisneyChannelUK,"['Movies', 'Humor']",12700000,Unknown,46300,344,0,12.7
929,InsideEdition,['News & Politics'],12700000,United States,63400,1500,120,12.7
930,SaregamaHumBhojpuri,['Music & Dance'],12700000,India,17500,899,24,12.7
931,Yair17,"['Movies', 'Animation']",12700000,Mexico,152700,10100,242,12.7
932,AvrilLavigne,['Music & Dance'],12700000,United States,49600,4600,166,12.7
933374,FilmTheory,"['Movies', 'Animation']",12700000,United States,3400000,217100,5300,12.7
934,HISTORY,['Movies'],12700000,United States,92400,1700,136,12.7
935,ArynewsTvofficial,['News & Politics'],12700000,Pakistan,2300,42,1,12.7
936,parafernalha,"['Movies', 'Humor']",12700000,Brazil,25200,1800,14,12.7
937202,SPDNOO1,['Humor'],12700000,Thailand,2300000,60000,239,12.7
938709,casey,['Movies'],12700000,United States,841100,49600,2300,12.7
939427,Jackdohertyy,['Unknown'],12600000,United States,1100000,52300,337,12.6
940603,TiboInShape,['Sports'],12600000,France,664500,39100,400,12.6
94153,golu008,['Unknown'],12600000,India,6500000,308000,402,12.6
942,healthtime6469,['Daily Vlogs'],12600000,India,2700,92,2,12.6
943,TroomTroom_Pt,['Animation'],12600000,Brazil,48000,1100,12,12.6
944,timesmusicindia,['Music & Dance'],12600000,India,7400,271,8,12.6
945,eltrece,['Music & Dance'],12500000,Unknown,2300,27,4,12.5
946,Ruhofficial,['Unknown'],12500000,Unknown,96600,2400,7,12.5
947,Baby_Jenny,"['Movies', 'Toys']",12500000,Unknown,40400,73,0,12.5
948,gibby,['Unknown'],12500000,Mexico,32700,2000,162,12.5
9493618,LOUDgg,['Unknown'],12500000,Brazil,33400,2200,10,12.5
950,PeopleVsFood,['Food & Drink'],12500000,United States,38800,2400,29,12.5
951260,CRAZYGREAPA,['Unknown'],12500000,India,1500000,83000,141,12.5
952,LittleBabyBumEspanol,['Unknown'],12500000,Unknown,16900,29,0,12.5
953,Aniruddhacharyaji,['Daily Vlogs'],12500000,India,102200,4600,211,12.5
954,umansayyedshorts,['Unknown'],12500000,India,182000,12900,55,12.5
95519,AmauryGuichonChef,['Unknown'],12500000,United States,925500,81400,945,12.5
956,telugufilmnagar,['Unknown'],12500000,India,2800,41,1,12.5
9571728,PANDACANAL,['Unknown'],12500000,Mexico,2400000,161000,770,12.5
958,ChrisBrownVEVO,['Music & Dance'],12500000,United States,490300,15400,670,12.5
959334,lukedavidson81,"['Animation', 'Humor']",12500000,United States,1200000,97200,747,12.5
960,TheKingofRandom,['DIY & Life Hacks'],12500000,United States,36300,1300,41,12.5
9615,Lulu99,['Unknown'],12500000,Colombia,472400,31300,790,12.5
962,LipaoGamer,"['Movies', 'Animation']",12500000,Brazil,124400,4200,89,12.5
963467,M4Techofficial,['Unknown'],12500000,India,1600000,59100,1200,12.5
964,lilwayne,['Cars & Vehicles'],12500000,United States,44300,2000,105,12.5
965,NattiNatasha,['Music & Dance'],12500000,United States,24000,3300,152,12.5
966369,TWOSIDEGAMERS,['Daily Vlogs'],12500000,India,274000,17900,914,12.5
967,BlackEyedPeas,['Music & Dance'],12500000,United States,8700,633,11,12.5
9682570,Panda.,"['Animation', 'Video Games']",12500000,India,741400,66000,327,12.5
969,bbcearth,['Unknown'],12500000,United States,104500,1900,63,12.5
970,SaaihHalilintar,"['Movies', 'Humor']",12500000,Indonesia,0,0,0,12.5
971,videogyan,"['Animation', 'Toys']",12400000,Unknown,348100,7600,0,12.4
972,MashaBearHINDI,"['Animation', 'Toys']",12400000,Unknown,117400,760,0,12.4
973,Belitskay,['Unknown'],12400000,United States,694100,35300,359,12.4
974,HeeraGoldOfficial,['Daily Vlogs'],12400000,Pakistan,84300,1000,75,12.4
975,aljazeeraenglish,['News & Politics'],12400000,United States,40600,1300,465,12.4
976,HiTechIslamic,['Music & Dance'],12400000,Pakistan,50200,875,45,12.4
977,user-tt5ge5fj4i,"['Music & Dance', 'Animation']",12400000,Unknown,80000,337,0,12.4
978,PinkVideoVault,['Music & Dance'],12400000,United States,281500,10800,444,12.4
979,IceCreamRolls,['Unknown'],12300000,United States,23100,635,51,12.3
9802232,dojacat,['Music & Dance'],12300000,United States,332400,28000,1700,12.3
981,123GO_,['DIY & Life Hacks'],12300000,United States,44100,345,16,12.3
982,belabagunca,"['Movies', 'Animation']",12300000,Brazil,132900,5100,166,12.3
9832926,AnnoyingOrange,"['Movies', 'Animation']",12300000,United States,285200,14200,516,12.3
984,yogawithadriene,['Fitness'],12300000,United States,548200,14600,503,12.3
98524,OumWalidcuisine,['Education'],12300000,Algeria,302700,15200,657,12.3
9863043,ankitabhawsar,['Unknown'],12300000,India,420900,20100,34,12.3
987,LuanSantana,['Music & Dance'],12300000,Brazil,848800,7700,358,12.3
988,TeremokSongs,['Unknown'],12300000,Russia,76600,177,0,12.3
989,Family-Box,['Movies'],12300000,Russia,190400,8200,242,12.3
990,tvOneNews,['News & Politics'],12300000,Indonesia,6200,89,11,12.3
991,MUSATANVEER,['Unknown'],12300000,Pakistan,62800,408,28,12.3
992,bonbonmedia9360,['Unknown'],12300000,United Kingdom,577300,0,10,12.3
9932575,Alextis,['Unknown'],12300000,Spain,1900000,102700,246,12.3
994124,benjacalero,"['Movies', 'Animation']",12300000,Argentina,1100000,121700,1200,12.3
995,HarshaSaiForYouHindi,['Unknown'],12300000,India,1900000,140000,1600,12.3
996,morharyanvi,['Music & Dance'],12300000,India,168900,3800,784,12.3
997,UTKARSHCLASSES13,['Education'],12300000,India,20100,1300,47,12.3
998,MBCMASRtv,['Unknown'],12300000,Egypt,2300,40,4,12.3
999,NFL,['Sports'],12300000,United States,26000,604,53,12.3
1000,MykeTowers,['Music & Dance'],12300000,Colombia,96100,3400,128,12.3
